Conteúdo,Título do vídeo,Horário de publicação do vídeo,"Marcações ""Gostei""",Inscrições obtidas,Porcentagem visualizada média (%),Duração média da visualização,Visualizações,Tempo de exibição (horas),Inscritos,Impressões
Total,,,19421,5475,26.9,0:04:51,358477,29063.6171,4987,4570652
XE4UHson59Y,Introdução | Estatística Básica 01,"Oct 5, 2020",1268,863,29.46,0:01:47,28631,852.5966,860,93596
tWcwNRBpViQ,Resumo de Dados | Estatística Básica 02,"Oct 5, 2020",858,216,45.42,0:05:08,12719,1089.6826,215,101217
SVH0EbN3QDE,Representações Gráficas I | Estatística Básica 03,"Oct 5, 2020",654,115,46.55,0:06:04,8952,907.4947,115,96059
RSRGO8U6rSU,"Parâmetros, Estimadores e Estimativas | Estatística Básica 11","Sep 22, 2021",602,179,30.24,0:05:00,13047,1089.2803,177,127093
uGexFqrNhw0,Introdução | Curso de Probabilidade 01,"Apr 16, 2021",584,331,17.91,0:02:23,11459,458.3918,330,47994
34rK4b4Ixrw,Representações Gráficas II | Estatística Básica 04,"Oct 5, 2020",417,56,45.71,0:05:18,5313,469.5044,52,88009
UxAU0BiiBZc,Distribuições Amostrais | Estatística Básica 13,"Sep 24, 2021",413,77,24.65,0:06:22,8961,952.2116,77,97650
x2IwKEB8pdQ,Medidas de Posição Central | Estatística Básica 05,"Oct 8, 2020",406,41,43.29,0:07:53,5297,696.8978,40,83867
K8F4KfrgEvY,"Probabilidade, Espaço Amostral e Diagrama de Venn | Curso de Probabilidade 02","Apr 19, 2021",333,71,32.37,0:06:58,4345,504.8498,71,48193
ToTN0oZaDcY,Boxplot | Estatística Básica 06,"Oct 8, 2020",329,29,38.01,0:06:36,4675,514.3085,28,78526
9A_AzxNMc30,ANOVA | Estatística Básica 30,"Dec 2, 2021",310,88,21.25,0:08:13,7116,975.6228,87,96908
5SIB_FjcsEo,Correlação e Regressão Linear | Estatística Básica 34,"Dec 6, 2021",308,99,21.31,0:07:16,7142,866.591,97,100391
W4agSbyZzaw,Teorema de Bayes | Curso de Probabilidade 04,"Apr 23, 2021",303,47,35.8,0:07:48,2839,370.1397,47,45257
1jqB2gvSiVg,Probabilidade Condicional | Curso de Probabilidade 03,"Apr 21, 2021",299,38,35.42,0:07:54,3375,444.7843,36,45510
ld4vUbxn9Mc,Medidas de Dispersão I | Estatística Básica 07,"Oct 14, 2020",299,23,41.45,0:06:05,4040,409.7779,23,67800
rldbKCg4c5s,ANOVA para Regressão Linear | Estatística Básica 35,"Dec 7, 2021",294,83,19.82,0:05:54,6757,664.8512,83,77857
6by8etdzDAo,Amostragem | Estatística Básica 10,"Nov 10, 2020",293,40,33.42,0:08:00,3916,522.4574,39,66108
DzX4Ok48HV4,Função de Distribuição Acumulada | Curso de Probabilidade 07,"Apr 30, 2021",287,37,24.52,0:06:12,4778,494.8854,36,58288
j6YL3DG2zA0,Distribuição de Probabilidade Conjunta | Curso de Probabilidade 18,"May 26, 2021",283,66,24.28,0:05:00,5707,477.0338,65,45495
iRil_pJJB1g,Teste de Hipóteses | Estatística Básica 20,"Oct 3, 2021",275,42,26.53,0:06:52,5290,605.3185,42,81885
jwt7KCejF0M,"Justeza, Consistência e Eficácia | Estatística Básica 12","Sep 23, 2021",262,42,34.71,0:06:16,4167,436.259,42,66348
2F8gXqgukU0,Exercícios de Teorema de Bayes | Curso de Probabilidade 05,"Apr 26, 2021",258,38,24.24,0:06:38,4195,463.9555,38,52882
HH81AoQVvsA,Medidas de Dispersão II | Estatística Básica 08,"Oct 15, 2020",258,11,37.36,0:06:33,2721,297.6451,10,64058
8TcimpQP51g,Variáveis Contínuas e Função Densidade de Probabilidade  | Curso de Probabilidade 09,"May 5, 2021",247,25,29.01,0:06:27,2944,316.9823,23,41641
v5AhF1Nnsic,Variáveis Aleatórias | Curso de Probabilidade 06,"Apr 29, 2021",235,24,34,0:06:34,2365,259.3558,22,37490
oMJ2rbaw7Uw,Intervalo de Confiança da Média | Estatística Básica 14,"Sep 27, 2021",233,27,30.44,0:07:25,4288,530.4723,27,66994
ritDwsy-qJ8,ANOVA com Dois Fatores | Estatística Básica 32,"Dec 3, 2021",225,40,18.69,0:05:05,5075,430.0245,40,60877
SB5i1cGaLFg,Estatística Descritiva | Estatística Básica 09,"Oct 27, 2020",219,12,32.15,0:05:31,2640,242.8243,12,59100
0ZpdSCECZOw,Exercício de Teste de Hipóteses | Estatística Básica 21,"Oct 4, 2021",218,31,29.56,0:03:28,5202,300.8216,30,66524
Td3ctKuO-qc,Exercício de Intervalo de Confiança da Média | Estatística Básica 15,"Sep 28, 2021",211,18,37.28,0:03:54,2994,194.7017,18,51503
sRQJu2K9kPI,Exercícios de Variáveis Aleatórias | Curso de Probabilidade 08,"May 3, 2021",203,21,28.7,0:06:17,2035,213.3197,21,32412
y1Ty1EmWpqc,Exercício de ANOVA | Estatística Básica 31,"Dec 2, 2021",201,38,24.9,0:05:05,6508,552.2453,38,66805
AgUtL10cyOQ,Exercícios de Variáveis Aleatórias Contínuas  | Curso de Probabilidade 10,"May 7, 2021",197,27,20.83,0:04:02,3189,215.1385,27,34320
9q9KRbljm0Q,Função Densidade de Probabilidade Conjunta | Curso de Probabilidade 27,"Jun 16, 2021",196,31,20.61,0:04:55,3771,309.3087,31,36264
5HEoQx9_Iwg,Teste de Hipóteses da Média | Estatística Básica 22,"Oct 5, 2021",192,23,28.62,0:06:52,2323,266.4508,23,44698
_1Q-Oo_mpmo,Média de uma Variável Aleatória  | Curso de Probabilidade 11,"May 10, 2021",182,15,26.5,0:06:29,2438,263.4879,15,37204
u4ZDWImeCvg,Teorema do Limite Central | Curso de Probabilidade 26,"Jun 14, 2021",164,13,27.93,0:05:01,1900,159.0588,13,26371
QK2BweTITwA,Variância de uma Variável Aleatória | Curso de Probabilidade 13,"May 14, 2021",163,12,31.16,0:07:27,1503,186.6748,11,25884
RnlVwQc6620,Intervalo de Confiança da Proporção | Estatística Básica 16,"Sep 29, 2021",158,11,30.92,0:06:58,2446,284.0391,11,52028
zFZg-GvCH5A,Covariância e Coeficiente de Correlação | Curso de Probabilidade 20,"May 30, 2021",154,24,26.61,0:08:09,1880,255.374,24,28754
x7qEwTjT1EQ,Exercício de Intervalo de Confiança da Proporção | Estatística Básica 17,"Sep 30, 2021",150,18,30.47,0:04:25,2474,182.7703,17,50057
rL2xoFfHNGo,Teste de Hipóteses de Duas Variâncias | Estatística Básica 28,"Dec 1, 2021",143,17,23.32,0:05:49,3012,292.5063,17,55479
f6nXayXgjZI,Distribuições de Bernoulli e Binomial | Curso de Probabilidade 14,"May 17, 2021",137,6,35.07,0:06:55,1672,193.0316,6,24348
m4EIjFZyZ0w,Distribuição Normal | Curso de Probabilidade 23,"Jun 7, 2021",134,11,30.91,0:08:53,1331,196.9828,11,20980
Wx4urIeX4hU,Distribuição Geométrica | Curso de Probabilidade 16,"May 21, 2021",130,6,35.57,0:06:14,1085,112.8757,6,22288
sMQQXjlr9qY,Distribuição Condicional Conjunta | Curso de Probabilidade 28,"Jun 18, 2021",130,12,24.65,0:03:41,1724,106.1446,11,23624
KrQSZgHFGFg,Intervalo de Confiança da Variância | Estatística Básica 18,"Oct 1, 2021",129,5,26.6,0:05:42,2082,198.1189,5,48253
a9gpZQCNy-Q,Exercício de Valor Esperado  | Curso de Probabilidade 12,"May 12, 2021",129,6,31.53,0:02:49,1429,67.2137,6,25559
jQgCMY5Y1k8,Exercícios de Distribuição de Probabilidade Conjunta | Curso de Probabilidade 19,"May 28, 2021",129,16,24.79,0:02:40,2862,127.7037,16,26584
hyvXcbDaI8Q,Intervalos e Testes da Regressão Linear | Estatística Básica 36,"Dec 7, 2021",124,31,20.18,0:05:39,2849,268.7849,31,49326
OnbmtKSIILE,Distribuição de Poisson | Curso de Probabilidade 17,"May 24, 2021",122,8,38.03,0:06:28,1131,121.9861,8,21829
am-_MDjGXZA,Exercício de Intervalo de Confiança da Variância | Estatística Básica 19,"Oct 2, 2021",116,5,29.62,0:03:02,1903,96.3044,4,43660
osHVuqevqZc,ANOVA com Repetição | Estatística Básica 33,"Dec 3, 2021",116,11,22.37,0:05:34,2158,200.3672,11,42772
voK7ghxjU6A,Distribuição Normal: Combinação Linear de Variáveis Aleatórias | Curso de Probabilidade 25,"Jun 11, 2021",116,9,22.6,0:06:34,1961,215.2936,9,21515
4t8M8mZfcxg,Exercícios de Bernoulli e Binomial | Curso de Probabilidade 15,"May 19, 2021",112,7,36.23,0:05:28,1274,116.1713,7,22756
upPTaYDEEV8,Resumo de Probabilidade 26 - Exercício Variáveis Aleatórias de Distribuição Conjunta (CASO DISCRETO),"Jun 26, 2020",107,28,26.49,0:02:14,4025,150.7462,27,31042
sn2X6g3CRpM,Teste de Hipóteses de Duas Médias | Estatística Básica 25,"Nov 30, 2021",105,8,24.73,0:07:32,1996,251.0802,7,40248
exVGPvcN6jA,Distribuição Uniforme | Curso de Probabilidade 21,"Jun 3, 2021",100,10,34.46,0:06:04,1180,119.3918,9,21875
2K_CMXEWTOY,Teste de Hipóteses da Variância | Estatística Básica 24,"Nov 29, 2021",99,3,25.52,0:04:52,2089,170.018,3,42881
zSWr84Y8eew,Distribuição Exponencial | Curso de Probabilidade 22,"Jun 4, 2021",98,17,32.56,0:05:41,1497,142.1519,17,23855
4MR6ID6yb3I,Exercício de Função Densidade de Probabilidade Conjunta | Curso de Probabilidade 29,"Jun 21, 2021",97,19,21.54,0:03:23,1298,73.4733,19,19701
5Yf_WkeCfwc,Teste de Hipóteses: Erros | Estatística Básica 23,"Oct 6, 2021",97,4,30.3,0:07:12,1761,211.3386,4,43092
Lt7yJ3QKBI0,Teste de Aderência | Estatística Básica 38,"Dec 8, 2021",94,14,22.63,0:03:29,2324,135.2961,14,41802
rWCyIPLEABQ,Exercício de Distribuição Normal | Curso de Probabilidade 24,"Jun 9, 2021",92,2,30.62,0:05:48,1041,100.6671,2,19069
1YLHUzLSqk8,Definições e Exercícios Iniciais - Resumo de Probabilidade 01,"Jun 9, 2020",90,30,12.39,0:02:24,3158,127.1224,30,11873
Im3Xscmuvg0,Resumo de Probabilidade 30 - Média e Variância de uma Variável Aleatória Contínua,"Jul 14, 2020",88,19,33.61,0:02:19,3241,125.8587,19,25549
baG3KFVt21I,Exercício de Teste de Hipóteses de Duas Médias | Estatística Básica 26,"Dec 1, 2021",81,8,21.93,0:04:31,2235,168.7997,8,42896
fGyoHfFD1_c,Resumo de Probabilidade 08 - Variáveis Aleatórias Contínuas (Funções Densidade e Acumulada),"Jun 11, 2020",79,14,32.08,0:02:51,2646,126.3254,14,30702
kJEJqBRDDCU,Resumo de Probabilidade 44 - Exercício Distribuição Conjunta de Variáveis Aleatórias Contínuas,"Jul 15, 2020",74,13,26.86,0:02:35,2723,117.6131,13,22947
BpmcBdRwNMc,Exercício de Teste de Aderência | Estatística Básica 39,"Dec 8, 2021",68,7,26.61,0:04:03,1324,89.5621,7,37909
afV7yiHWMY0,Exercício de Teste de Hipóteses de Duas Variâncias | Estatística Básica 29,"Dec 2, 2021",68,5,24.7,0:04:51,1606,130.2529,5,39413
gR3A5b_No70,Fuja do Nabo 31/05/2021 -  Parte 01,"Jun 1, 2021",66,7,11.55,0:04:06,1733,118.6917,7,7744
A3j1yKpA7WA,Resumo de Probabilidade 45 - Distribuição Marginal de Variáveis Aleatórias Contínuas,"Jul 15, 2020",65,13,34.67,0:01:43,2589,74.5611,13,16900
 -bT2iB8gqKs,Teste de Hipóteses de Médias Pareadas | Estatística Básica 27,"Dec 1, 2021",63,6,32,0:07:26,1017,126.0317,5,35633
gTwxqjQmjPU,Linha de Chegada | Estatística Básica 40,"Dec 8, 2021",63,11,19.79,0:01:22,778,17.8797,11,16975
K1bF6cRH0bE,Conclusão do Curso | Curso de Probabilidade 30,"Jun 23, 2021",62,2,22.92,0:01:47,450,13.383,2,4217
GZXbgVZ8KmU,Resumo de Probabilidade 28 - Covariância e Coeficiente de Correlação,"Jun 26, 2020",61,17,28.65,0:03:32,2163,127.5332,16,20670
Rxx56JJVXmk,Resumo de Probabilidade 43 - Distribuição Conjunta de Variáveis Aleatórias Contínuas,"Jul 15, 2020",60,14,29.71,0:02:15,2182,82.1188,14,19264
EEFxcuaxQ_Q,Exercícios de Intervalos e Testes da Regressão Linear | Estatística Básica 37,"Dec 7, 2021",58,11,24.29,0:02:39,1707,75.6731,11,36557
5a7vNjIpvJw,Função de Distribuição Acumulada - Resumo de Probabilidade 06,"Jun 11, 2020",57,16,27.48,0:02:28,2477,101.9256,14,23898
5eVwbFfvm80,Aulão de Estatística THM e POLI USP -  Fuja do Nabo (Parte 1),"Sep 7, 2023",54,27,14.86,0:06:38,1048,115.9989,23,11205
80IQwvd98ls,Resumo de Probabilidade 29 - Exercício Covariância e Coeficiente de Correlação,"Jun 26, 2020",52,6,25.4,0:03:16,1944,106.1579,6,16805
m-4FuCzO29g,Resumo de Probabilidade 46 - Exercício de Distribuição Marginal de Variáveis Aleatórias Contínuas,"Jul 15, 2020",52,8,33.64,0:02:00,1894,63.1895,8,12785
V32pAYBKOPM,Resumo de Probabilidade 25 - Variáveis Aleatórias de Distribuição Conjunta (caso discreto),"Jun 26, 2020",48,6,31.62,0:02:15,2144,80.6101,6,18416
axnLOekWcSw,O que é a ANOVA? #shorts,"Feb 16, 2023",48,6,69.51,0:00:38,650,6.9028,6,22343
EuUlvl-6iwI,Variáveis Aleatórias e Função de Probabilidade - Resumo de Probabilidade 05,"Jun 11, 2020",47,6,36.82,0:04:50,1099,88.5822,6,14982
IWUhX5FYIog,Resumo de Probabilidade 09 - Exercício Função Densidade de Probabilidade,"Jun 11, 2020",47,10,30.28,0:02:28,2148,88.3358,10,20895
 -UpcyoaJDJE,"Probabilidade Condicional, Independência e Álgebra de Eventos - Resumo de Probabilidade 03","Jun 9, 2020",44,4,30.58,0:07:54,1154,152.0034,4,14236
4KfqBs51kD8,"Aula 1 - Supere o Excel - ""Jornada THM de Análise de Dados e Estatística no R""","Jan 17, 2023",44,31,9.43,0:03:33,337,19.9738,31,1578
Ww2zsRTkzt4,Aulão de Probabilidade Parte 1: Fuja do Nabo 18/05/2024,"May 18, 2024",44,11,20.92,0:08:38,398,57.3642,11,6761
MQrcxHldZ_0,Resumo de Probabilidade 48 - Função Densidade de Probabilidade Condicional,"Jul 15, 2020",41,10,34.16,0:01:39,1200,33.0034,10,6946
hghyKv2eFyA,Resumo de Probabilidade 07 - Exercícios envolvendo Função de Probabilidade e Função de Distribuição,"Jun 11, 2020",41,9,23.27,0:03:35,1720,102.8233,9,17514
jcUUry15G20,Fuja do Nabo 13/07/2021 -  Parte 01,"Jul 13, 2021",41,4,21.12,0:06:35,892,97.8462,4,7780
mPhlq0bMYe4,Aulão de Probabilidade Parte 1:  Fuja do Nabo 15/06/2024,"Jun 15, 2024",41,5,21.62,0:07:23,443,54.522,5,5385
b9kPPH0XUbE,Fuja do Nabo 29/09/2021 - Parte 01,"Sep 29, 2021",40,8,18.75,0:05:06,676,57.4669,8,4160
vwHUfePZTRI,O experimento de estatística mais conhecido do mundo! #Shorts,"Nov 8, 2022",39,2,46.46,0:00:25,527,3.7404,1,7852
yF1YCHgIARU,Fuja do Nabo POLI USP - Prova de Recuperação (Parte 1),"Feb 3, 2023",36,5,11.79,0:05:19,879,77.9691,5,6743
2tzcedAK8G4,Fuja do Nabo 31/05/2021 -  Parte 03,"Jun 1, 2021",35,7,26.45,0:06:43,435,48.6505,7,6544
V2-j5X6Rw7g,Resumo de Probabilidade 32 - Exercício Distribuição Uniforme,"Jul 14, 2020",35,5,37.13,0:02:02,1194,40.7592,5,10962
aB5iClJX1nM,Aulão de Probabilidade Parte1: Fuja do Nabo 01/07/2023,"Jul 1, 2023",35,2,17.12,0:05:51,631,61.6657,2,8512
edpj6gbJL-A,Aulão de Probabilidade Parte 3: Fuja do Nabo 18/05/2024,"May 18, 2024",34,1,17.95,0:08:15,284,39.108,1,4338
M78punOYdCA,INSTALE O R E RSTUDIO EM 2023!,"May 24, 2023",33,14,37,0:02:00,703,23.5575,14,8853
VkPUyrrjKZ0,Resumo de Probabilidade 47 - Exercício Distribuição Marginal e Independência de Variáveis Contínuas,"Jul 15, 2020",33,7,24.26,0:02:06,1202,42.3674,7,9774
 -XVQuVmlJyI,Estatística Aplicada com R - Aula 0,"Dec 15, 2022",32,18,18.8,0:06:34,370,40.4991,17,8289
AsU9t6zzaJE,Resumo de Probabilidade 11 - Média/Esperança de uma Variável Aleatória Discreta,"Jun 24, 2020",32,5,36.16,0:03:04,907,46.4365,5,10514
KfpL6JSH5yg,Resumo de Probabilidade 10 - Exercício Função de Distribuição Acumulada (caso contínuo),"Jun 11, 2020",32,1,32.34,0:01:59,1582,52.4478,1,15922
ZKzrGV0i878,Fuja do Nabo 13/07/2021 - Parte 02,"Jul 13, 2021",32,0,27.01,0:11:19,534,100.5469,0,7465
FAc5z5Wt_X4,Exercício Inicial - Resumo de Probabilidade 02,"Jun 9, 2020",31,2,34.83,0:03:15,752,40.8592,2,12654
RL8zS8ZaeOw,Resumo de Probabilidade 42 - Exercício Teorema do Limite Central,"Jul 15, 2020",31,3,26.58,0:02:07,1378,48.7957,3,11078
SEvhs6n7xvE,Aulão de Estatística THM e POLI USP - Fuja do Nabo (Parte 3),"Sep 7, 2023",31,2,16.8,0:08:10,473,64.3979,2,10843
oRJ4yIVwfHM,Exercício Função densidade de probabilidade em 1 minuto #probabilidade #cienciadedados  #estatística,"Jan 15, 2024",29,4,48.79,0:00:29,382,3.1062,4,9578
CBLHBVr579s,Aulão de Estatística Parte 1: Fuja do Nabo 06/09/2024,"Sep 7, 2024",28,0,24.27,0:10:43,261,46.6469,0,3248
_IQklPGl9dA,Fuja do Nabo 13/07/2021 - Parte 03,"Jul 13, 2021",28,0,26.17,0:04:50,401,32.3004,0,4760
3tmk2Hfk2Bg,Resumo de Probabilidade 33 - Distribuição Exponencial,"Jul 14, 2020",27,1,40.1,0:02:32,1004,42.5011,1,10876
Bsz50dY_tzY,Aulão de Estatística THM e POLI USP - Fuja do Nabo (Parte 2),"Sep 7, 2023",27,1,23.76,0:05:31,441,40.566,1,8709
Q7KnasRjAOM,Teorema de Bayes e Exercícios - Resumo de Probabilidade 04,"Jun 9, 2020",27,5,25.1,0:09:02,945,142.3541,5,14265
ilt3BJ5oBJY,Fuja do Nabo 03/12/2021 - Parte 01,"Dec 4, 2021",27,3,12.93,0:06:34,458,50.1446,3,7745
yosCSaV1jWs,Aulão 2 de Estatística THM e POLI USP - Parte 1,"Nov 4, 2023",27,6,17.08,0:07:52,419,55.0131,6,7952
4UnekQsdK7c,Estatística Aplicada com R - Aula 1,"Dec 15, 2022",26,5,11.16,0:03:54,382,24.8428,5,8211
V8ioQsJCKt0,"Resumo de Probabilidade 24 - ""Falta de memória"" das Distribuições Poisson e Geométrica","Jun 26, 2020",25,3,50.42,0:01:59,943,31.3015,3,9156
RIdCA8J8jnc,Fuja do Nabo 29/09/2021 - Parte 03,"Sep 29, 2021",24,4,22.52,0:10:00,268,44.698,4,4034
RTLssuVpeF0,Aulão 3 de Estatística THM e POLI USP - Parte 1 ANOVA,"Dec 3, 2023",24,1,16.48,0:10:14,428,73.1153,1,6005
An8ny1SR3SA,Descubra a diferença entre variáveis aleatórias discretas e contínuas!,"May 10, 2024",23,6,45.86,0:00:17,593,2.9458,5,3764
rHaI8JzfxNg,"Espaço Amostral, Diagrama de Venn e Álgebra de Eventos | Aulão 1 de Probabilidade THM e POLI USP","Mar 31, 2024",23,6,14.39,0:04:35,386,29.5424,5,4905
s_MoNejmXWo,Fuja do Nabo 29/09/2021 - Parte 02,"Sep 29, 2021",23,1,31.1,0:07:33,316,39.8253,1,4105
6xIIgtOI8eE,Aulão de Probabilidade Parte 2: Fuja do Nabo 18/05/2024,"May 18, 2024",22,4,23.46,0:08:39,274,39.5624,3,4503
e0oJvpNSF54,Resumo de Probabilidade 27 - Exercício Distribuição Geométrica,"Jun 26, 2020",22,2,29.68,0:01:50,827,25.2929,2,11257
 -Zl-zOoF5x4,Aulão de Probabilidade parte 2: Fuja do nabo 15/06/2024,"Jun 15, 2024",21,0,19.71,0:09:37,262,42.0008,0,4272
9ww0laDueeU,Resumo de Probabilidade 39 - Distribuição de uma combinação linear,"Jul 15, 2020",20,2,37.18,0:02:54,649,31.4708,2,7439
BpDD6hkUojU,Resumo de Probabilidade 19 - Distribuição Binomial,"Jun 24, 2020",20,1,41.4,0:03:38,532,32.3049,1,8020
KlVGYMkLb9U,Resumo de Probabilidade 16 - Propriedades de média e variância para variáveis independentes,"Jun 24, 2020",20,3,32.76,0:03:22,736,41.3217,3,9231
VdWnb0leHZE,Aulão de Probabilidade Parte 3: Fuja do Nabo 15/06/2024,"Jun 15, 2024",20,0,16.55,0:05:56,261,25.8708,0,9588
yYqjpY3HPSk,Resumo de Probabilidade 18 - Distribuição de Bernoulli,"Jun 24, 2020",20,2,42.94,0:02:26,673,27.2961,2,9179
WoC39qy5ioI,"Resumo de Probabilidade 17 - Exercícios Média ,Variância e Independência de Variáveis Aleatórias","Jun 24, 2020",19,1,24.03,0:04:55,735,60.4053,1,9692
WsMGbM9QC1w,"Aula 2 - Manipulação Eficiente - ""Jornada THM de Análise de Dados e Estatística no R""","Jan 18, 2023",19,4,13.41,0:05:15,130,11.3927,3,1568
NqTF6-HhVPg,Aulão 3 de Estatística THM e POLI USP - Parte 3 Correlação e Regressão,"Dec 3, 2023",18,0,19.9,0:08:29,309,43.7009,0,7186
XLQw4D4v2NE,Resumo de Probabilidade 31 - Distribuição Uniforme,"Jul 14, 2020",18,3,37.97,0:01:42,907,25.734,3,10462
YO4YriezjFo,Resumo de Probabilidade 20 - Exercício Distribuição Binomial,"Jun 26, 2020",18,1,41.15,0:04:02,489,32.9764,1,8076
_EsgMCWfvmE,Fuja do Nabo 31/05/2021 -  Parte 02,"Jun 1, 2021",18,3,27.97,0:07:07,579,68.6995,3,7581
dD_n83PQuLc,Probabilidade Condicional e Teorema de Bayes | Aulão 1 de Probabilidade THM e POLI USP,"Mar 31, 2024",18,5,15.86,0:06:57,314,36.4025,5,6359
MbCU0TET5ss,"Variáveis Aleatórias, Função Densidade e Função Acumulada | Aulão 1 de Probabilidade THM e POLI USP","Mar 31, 2024",17,2,12.36,0:08:01,310,41.4785,2,5375
h8pjuBKjzfg,Resumo de Probabilidade 23 - Distribuição Geométrica,"Jun 26, 2020",17,1,46.29,0:02:08,538,19.2075,1,8775
yiGH4gNhCsc,Aulão 3 de Estatística THM e POLI USP - Parte 2 ANOVA 2 Fatores e  com Repetição,"Dec 3, 2023",17,0,19.45,0:11:04,254,46.9139,0,5592
2EtKZDYHstU,Fuja do Nabo 03/12/2021 - Parte 02,"Dec 4, 2021",16,0,21.38,0:08:04,179,24.087,0,5698
QuQkuZAyeRE,Resumo de Probabilidade 36 - Distribuição Normal,"Jul 14, 2020",16,0,37.69,0:05:06,549,46.7316,0,6823
cutaTm1zh9c,Fuja do Nabo POLI USP - Prova de Recuperação (Parte 4),"Feb 3, 2023",16,1,15.73,0:04:45,264,20.9449,1,7700
h-qoRyNHw4g,Resumo de Probabilidade 35 - Exercício Distribuição Exponencial e Probabilidade Condicional,"Jul 14, 2020",16,3,36.41,0:01:55,627,20.0368,3,8305
 --cE8n8nF4g,Resumo de Probabilidade 34 - Exercício Distribuição Exponencial,"Jul 14, 2020",15,1,30.38,0:02:13,856,31.6352,1,9364
6PhJnajeBAk,Fuja do Nabo POLI USP - Prova de Recuperação (Parte 2),"Feb 3, 2023",15,0,17.81,0:08:55,378,56.278,0,6415
Q081foHGDg4,Resumo de Probabilidade 15 - Exercício Propriedades de Média de Variáveis Aleatórias Discretas,"Jun 24, 2020",15,0,36.65,0:02:33,695,29.5732,0,9315
hOH4TdjivZk,Fuja do Nabo 03/12/2021 - Parte 03,"Dec 4, 2021",15,0,18.41,0:04:48,150,12.0056,0,4616
zuZXlN08jDc,Resumo de Probabilidade 38 - Exercício Distribuição Normal e Probabilidade Condicional,"Jul 14, 2020",15,0,28.38,0:03:25,499,28.4401,0,7168
XxHDqPX1r0A,Como funciona um teste de hipótese?,"May 13, 2024",14,1,56.17,0:00:23,633,4.0492,1,8266
f9gm2aoC3fM,Resumo de Probabilidade 41 - Teorema do Limite Central,"Jul 15, 2020",14,1,42.28,0:02:14,604,22.4859,1,7997
gQd1k4dw93s,Resumo de Probabilidade 37 - Exercício Inicial Distribuição Normal,"Jul 14, 2020",14,1,35.57,0:05:21,512,45.7878,1,6930
iJU9kx-N5Us,Resumo de Probabilidade 40 - Exercício Distribuição de uma Combinação Linear,"Jul 15, 2020",14,0,35.78,0:04:20,536,38.8309,0,7245
valN1gRZF10,Aulão 2 de Estatística THM e POLI USP - Parte 2,"Nov 4, 2023",14,4,23.56,0:06:14,245,25.4903,4,6222
2NfsdQh67xY,Aulão de Estatística Parte 2: Fuja do Nabo 06/09/2024,"Sep 7, 2024",13,0,27.78,0:09:30,158,25.0204,0,2446
8TbLik75BrI,Distribuição Geométrica em 1 minuto (ou menos) #probabilidade #estatística #cienciadedados,"Jan 16, 2024",13,2,44.78,0:00:26,156,1.1644,2,7120
KuUbVmJWqd0,Exercício de Probabilidade - Distribuição Binomial | Teste 1 2022 POLI-USP,"Jun 5, 2024",13,0,24.16,0:01:58,85,2.8014,0,1826
QuTqklgCUXs,Aulão 2 de Estatística THM e POLI USP - Parte 4,"Nov 4, 2023",13,1,18.29,0:06:27,233,25.0507,1,7321
sIpTvvTK6uk,Exercício de Probabilidade - Distribuição de Probabilidade | Teste 2 2022 POLI-USP,"Jun 6, 2024",13,1,19.22,0:01:44,75,2.1866,1,1916
BZbPgK8_bBE,Resumo de Probabilidade 22 - Exercício Distribuição de Poisson,"Jun 26, 2020",12,0,40.98,0:03:30,510,29.7796,0,8318
Phq6PFUWf0U,Aulão de Estatística Parte 3: Fuja do Nabo 06/09/2024,"Sep 7, 2024",12,1,22.6,0:12:13,204,41.586,1,2841
hDh9r6mqtV4,Introdução | Curso de Desenvolvimento Full Stack,"Feb 1, 2024",12,14,14.95,0:01:45,334,9.7501,14,2723
s0KU_hJL7sY,Resumo de Probabilidade 13 - Propriedades da Média/Esperança de uma Variável Aleatória,"Jun 24, 2020",12,3,43.55,0:01:31,655,16.5587,3,8652
wp4wlBs0BYg,Programação de A à R - Introdução ao R e RStudio,"May 27, 2024",12,0,16.66,0:02:02,70,2.381,0,2116
xXsdrcQfn2g,Fuja do Nabo POLI USP - Prova de Recuperação (Parte 3),"Feb 3, 2023",12,1,16.54,0:04:27,334,24.8115,1,6602
4hIWFTq7loE,Aulão 2 de Estatística THM e POLI USP - Parte 3,"Nov 4, 2023",11,1,20.19,0:04:22,211,15.3696,1,6692
RRFRXvgvp_w,Desvendando os Parâmetros: Conhecendo as Medidas Essenciais da População,"Nov 27, 2023",11,0,32.02,0:00:16,148,0.6845,0,3122
b1EMIwgPvuo,Aula 3 - DataViz Sem Barreiras - Jornada THM de Análise de Dados e Estatística no R,"Jan 19, 2023",11,0,11.89,0:04:38,85,6.5837,0,1390
nMEe1b7gCWg,Resumo de Probabilidade 14 - Variância de uma Variável Aleatória Discreta,"Jun 24, 2020",11,2,35.91,0:03:06,855,44.3474,2,10465
RcsklkElBJI,ENTENDA BOXPLOT DE UMA VEZ POR TODAS!,"Jun 7, 2023",10,7,11.45,0:00:40,161,1.813,6,3388
VVfOSHEZsJA,APRENDA CORRELAÇÃO NO R!,"Jun 21, 2023",10,0,30.74,0:01:49,51,1.5506,0,3255
fck7U2rYiW0,Exercício Teorema do Limite Central em 1 minuto.,"Jun 16, 2024",10,0,65.78,0:00:40,204,2.274,0,3439
DmEdlxzByD4,Aulão de Probabilidade Parte 4: Fuja do Nabo 01/07/2023,"Jul 1, 2023",9,0,21.76,0:03:30,223,13.0219,0,8253
Vb49ItH7obs,Entenda ANOVA de uma vez por todas! Acesse nossa playlist de Estatística Básica,"Jan 14, 2024",9,1,249.37,0:01:29,119,2.9675,1,6330
mbo6C3Jh8EM,Resumo de Probabilidade 12 - Exercício Esperança de uma função de uma Variável Aleatória Discreta,"Jun 24, 2020",9,2,43.89,0:01:04,635,11.3018,2,8782
 -GGLxtPobuk,Resumo de Probabilidade 21 - Distribuição de Poisson,"Jun 26, 2020",8,0,52.99,0:01:43,541,15.6077,0,7832
0CVboSlH2LY,Resolução de Exercícios de Análise de dados aplicada - Curso em Portugal,"Jun 23, 2023",8,0,4.59,0:02:37,102,4.4693,0,5524
3P_JZSJtj1s,"USE MÉDIA, MODA E MEDIANA DE FORMA INTELIGENTE!","May 31, 2023",8,2,22.09,0:01:23,58,1.3385,2,4007
rqgR8ZtDfOs,Exercício de Probabilidade - Distribuição Binomial | Teste 7 2022 POLI-USP,"Jun 12, 2024",8,0,22.52,0:01:55,70,2.2465,0,1427
zTztBdpvodA,Exercício de Probabilidade - Probabilidade Conjunta e Covariância | Teste 5 2022 POLI-USP,"Jun 7, 2024",8,1,19.05,0:02:00,119,3.9868,1,3656
47cLlqB_JU4,Exercício de Probabilidade - Covariância | Teste 2 P2 2019 POLI-USP,"Jun 14, 2024",7,0,25.72,0:02:40,70,3.1209,0,1892
TdxctQmIQvg,Aulão de Probabilidade Parte 2: Fuja do Nabo 01/07/2023,"Jul 1, 2023",7,0,20,0:12:26,317,65.7326,0,7441
_7pBviznAeo,O que é a Justeza de um Estimador? #Shorts,"Dec 2, 2022",7,1,54.69,0:00:32,83,0.7565,1,4915
tH_0a3jGk9Q,O que são os estimadores da estatística? #Shorts,"Nov 25, 2022",7,0,46.2,0:00:26,84,0.6252,0,5743
LaRqddgAerg,ÚLTIMO DIA JORNADA ESTATÍSTICA NO R #shorts,"Jan 20, 2023",6,0,36.31,0:00:21,39,0.2281,0,5017
YSwb0YYG358,Exercício de Probabilidade - Distribuição Uniforme Conjunta | Teste 4 P3 2019 POLI-USP,"Jun 14, 2024",6,0,29.38,0:02:15,47,1.7645,0,1443
lcNQeh4UMsk,Aula 4 - O Novo Report - Jornada THM de Análise de Dados e Estatística no R,"Jan 20, 2023",6,0,12.31,0:04:13,76,5.3493,0,1893
vZ8h-AHyPug,Exercício de Distribuição Binomial em 1 minuto ou menos #estatística #probabilidade #cienciadedados,"Jan 17, 2024",6,7,50.69,0:00:30,340,2.9203,7,8405
x7ow4XsNUAM,Aulão de Probabilidade Parte 3: Fuja do Nabo 01/07/2023,"Jul 1, 2023",6,0,25.42,0:08:01,205,27.3908,0,7575
DGwGJp3pdiw,CRIE NOVAS COLUNAS DE FORMA INTELIGENTE COM MUTATE NO R,"Jun 30, 2023",5,1,13.86,0:01:52,67,2.1029,1,4044
GzW07cx476o,Domine os Conceitos de Amostragem e Inferência!,"May 14, 2024",5,0,47.26,0:00:17,47,0.2221,0,1948
CBJXZrgPIYw,Estudo de Caso | Curso de Desenvolvimento Full Stack,"Feb 8, 2024",4,1,20.81,0:02:12,77,2.8437,1,2248
fOoWjZs8uHg,Programação de A à R - Vetores e Data Frames,"Jun 17, 2024",4,0,6.45,0:01:26,64,1.5365,-1,3214
AWuJNXF6t4M,HTML | Curso de Desenvolvimento Full Stack,"Feb 22, 2024",3,0,10.66,0:05:28,30,2.7345,-1,2223
POfBxLvf59A,Preparação do Ambiente | Curso de Desenvolvimento Full Stack,"Feb 15, 2024",3,0,29.32,0:03:49,40,2.5509,0,1920
XJivIaFXHbg,Programação de A à R - Conceitos de Objetos e Classes,"Jun 3, 2024",3,0,22.82,0:02:42,24,1.0845,0,1528
apbh4TO6YoE,Programação de A à R - Conceitos de Funções,"Jun 10, 2024",3,0,13.22,0:02:23,24,0.9589,0,1260
gcCRUBh2T_U,Exercício de Probabilidade - Distribuição Exponencial Conjunta | Teste 1 P3 2019 POLI-USP,"Jun 11, 2024",3,0,23.27,0:01:48,56,1.6871,0,1258
lYnAJAbD1DA,Exercício de Probabilidade - Distribuição Conjunta | Teste 12 2022 POLI-USP,"Jun 13, 2024",3,1,7.73,0:00:43,49,0.5978,1,2874
1zm17fmH2uk,Mini Projeto Calculadora | Curso de Desenvolvimento Full Stack,"May 2, 2024",2,1,3.18,0:01:09,25,0.4796,1,3088
4E0mtHgINT4,JavaScript | Curso de Desenvolvimento Full Stack,"Apr 11, 2024",2,2,10.2,0:02:11,20,0.7307,2,2400
N8UZ7jdv5_4,Treinamento R e Estatística de Dados Ambientais - Aula 01 continuação,,2,2,4.55,0:09:58,77,12.7992,2,6
XKAI9HQgW1M,Prototipação Com Figma | Curso de Desenvolvimento Full Stack,"Mar 7, 2024",2,2,10.75,0:02:35,25,1.0822,1,2278
cukUCxs0Nwo,Desenvolvimento FULL STACK: a nova tendência para programadores versáteis,"Feb 5, 2024",2,0,48.79,0:00:15,29,0.1218,0,1772
sU9aCpptY4s,CSS | Curso de Desenvolvimento Full Stack,"Feb 29, 2024",2,0,11.04,0:03:45,43,2.6885,-1,2075
3PFPUR_eubc,Treinamento R e Estatística de Dados Ambientais - Aula 05 parte 4 - RMarkdown,,1,0,17.9,0:22:00,5,1.8343,0,0
7WQG8C8gGNs,Aplicando JavaScript no Nosso Projeto | Curso de Desenvolvimento Full Stack,"May 9, 2024",1,0,1.84,0:00:45,16,0.2025,0,2227
U6BWkIFvjuY,Prototipando o Projeto | Curso de Desenvolvimento Full Stack,"Mar 28, 2024",1,0,15.83,0:02:50,8,0.3782,0,2503
UyjcNNkUYVc,Displays no CSS| Curso de Desenvolvimento Full Stack,"Mar 14, 2024",1,0,15.53,0:03:54,16,1.0424,0,2095
5x6asyzbex8,Treinamento R e Estatística de Dados Ambientais - Aula 03 parte 1,,0,0,6.16,0:07:47,9,1.1695,0,0
F_460K-WJos,Treinamento R e Estatística de Dados Ambientais - Aula 02 parte 2,,0,0,7.14,0:12:47,7,1.4928,0,0
FvatSts36WY,Treinamento R e Estatística de Dados Ambientais - Aula 05 parte 1,,0,0,1.83,0:02:18,7,0.2699,0,0
Gp6ABPv-YLI,Treinamento R e Estatística de Dados Ambientais - Aula 05 parte 2,,0,0,6.64,0:10:02,11,1.8416,0,0
KgSju_Mr5oE,Codando Nosso Protótipo | Curso de Desenvolvimento Full Stack,"Apr 4, 2024",0,0,8.16,0:01:55,14,0.4476,0,2659
SimO439cMVM,Bootstrap | Curso de Desenvolvimento Full Stack,"Apr 25, 2024",0,0,4.95,0:01:04,25,0.4459,-1,2534
YVNgJiAK1ns,Treinamento R e Estatística de Dados Ambientais - Aula 03 parte 2,,0,0,13.24,0:07:56,4,0.5295,0,0
b78Ujrzi60I,Manipulação de Array e Objetos em JavaScript| Curso de Desenvolvimento Full Stack,"Apr 18, 2024",0,0,4.14,0:01:26,24,0.5757,0,2505
gFYpTcjfxZg,Treinamento R e Estatística de Dados Ambientais - Aula 02 parte1,,0,0,7.72,0:12:14,11,2.2435,0,0
kZSNwg8v1-k,Treinamento R e Estatística de Dados Ambientais - Aula 03 parte 3,,0,0,6.28,0:13:56,9,2.0919,0,0
m6MiY_1Bocw,Banco de Dados Relacional | Curso de Desenvolvimento Full Stack,"May 16, 2024",0,0,7.46,0:02:26,20,0.8138,0,2755
ow3tys3kx5w,Treinamento R e Estatística de Dados Ambientais - Aula 04,,0,0,7.92,0:12:21,6,1.2351,0,0
sDunIiHfH1s,Treinamento R e Estatística de Dados Ambientais - Aula 05 parte 3,,0,0,5.49,0:04:48,11,0.8801,0,0
sLdnlJ-LpAA,Responsividade e Animações | Curso de Desenvolvimento Full Stack,"Mar 21, 2024",0,0,10.56,0:02:37,13,0.5673,0,2423
